Word,IPA,Expected,Actual,Result
cardinality,cardinality,カーディナリティー,アディナリットイ,FAIL
soughed,soughed,サフト,ソウグヘッド,FAIL
vindication,vɪndʌkejˈʃʌn,ビンディケイション,ヴィンダッケイシャン,FAIL
acoustically,ʌkuˈstɪkli,アクースティカリー,アックスティックリー,FAIL
octavo,octavo,オクテイボ,oタヴォ,FAIL
petted,pɛˈtʌd,ペッティド,ペッタッド,FAIL
preserver,pɹizɚˈvɚ,プリザーヴァー,プリザーヴァー,PASS
sensitisation,sensitisation,センサイゼイション,センシッティサッティoン,FAIL
admitter,admitter,アドゥミター,アッドミットテ,FAIL
squeezed,skwiˈzd,スクイーズド,スクウィズド,FAIL
berne,bɚˈn,バーン,バーン,PASS
acrosses,acrosses,アクロッシーズ,アロスセス,FAIL
dia,diˈʌ,ディーア,ディア,FAIL
sufficed,sʌfajˈst,サファイスト,サファイスト,PASS
contouring,contouring,コントゥアリング,oントウリング,FAIL
hazy,hejˈzi,ヘイジー,ヘイジー,PASS
vasectomy,væzɛˈktʌmi,バセクトミー,ヴァゼックタミー,FAIL
vendetta,vɛndɛˈtʌ,ベンデッタ,ヴェンデッタ,FAIL
strangled,stɹæˈŋgʌld,ストゥラングルド,ストラングガルド,FAIL
proficient,pɹɑfɪˈʃʌnt,プロフィシェント,プロフィッシャント,FAIL
politic,pɑˈlʌtɪˌk,ポリティック,ポラッティック,FAIL
ensemble,ɑnsɑˈmbʌl,アンサンブル,アンサンバル,FAIL
compulsed,compulsed,コンパルスト,oンプルセッド,FAIL
vice,vajˈs,ヴァイス,ヴァイス,PASS
declaims,declaims,ディクレイムズ,デライムス,FAIL
rationalizing,ɹæˈʃʌnʌlajˌzɪŋ,ラショナライジング,ラッシャナライジング,FAIL
angular,æˈŋgjʌlɚ,アンギュラー,アングギャラー,FAIL
burei,burei,ブレイ,ブレイ,PASS
ascendent,ascendent,アセンデント,アスエンデント,FAIL
diagrammed,dajˈʌgɹæˌmd,ダイアグラムド,ダイアグラムド,PASS
helix,hiˈlɪks,ヒーリクス,ヒリックス,FAIL
privacy,pɹajˈvʌsi,プライヴァシー,プライヴァシー,PASS
gayety,gayety,ガイエティイ,ガイェットイ,FAIL
controlled,kʌntɹowˈld,コントゥロウルド,コントロールド,FAIL
o'neill,owˈ'niˈl,オニール,オーニル,FAIL
worried,wɚˈid,ウォリード,ワーイッド,FAIL
rupture,ɹʌˈpʧɚ,ラプチュア,ラップチャー,FAIL
asthmatic,æzmæˈtɪk,アズマティク,アズマッティック,FAIL
haunting,hɔˈntɪŋ,ホーンティング,ホンティング,FAIL
litmus,lɪˈtmʌs,リトマス,リットマス,FAIL
obdurate,ɑˈbdɚʌt,オブデュレト,アブダーアット,FAIL
sanchez,sæˈnʧɛz,サンチェス,サンチェズ,FAIL
proselytizes,proselytizes,プロセラタイジズ,プロセルイティゼス,FAIL
lora,lɔˈɹʌ,ローラ,ロラ,FAIL
squiring,squiring,スクワイアリング,スウイリング,FAIL
streets,stɹiˈts,ストゥリーツ,ストリツ,FAIL
interrogational,interrogational,インタロゲイショナル,インテロガッティoナル,FAIL
sticking,stɪˈkɪŋ,スティッキング,スティッキング,PASS
kinky,kɪˈŋki,キンキイ,キンキー,FAIL
lichas,lichas,ライカス,リハス,FAIL
complacency,kʌmplejˈsʌnsi,コンプレイセンシイ,コンプレイサンシー,FAIL
outstretched,awtstɹɛˈʧt,アウトゥストゥレッチト,オーツトレッチト,FAIL
tunic,tuˈnɪk,チューニック,トゥニック,FAIL
ailanthus,ailanthus,エイランサス,アイラントフス,FAIL
frequentative,frequentative,フリークェンタティブ,フレウエンタッティヴェ,FAIL
dissoluble,dissoluble,ディソリュブル,ディスソルブレ,FAIL
sit,sɪˈt,シット,シット,PASS
intrigue,ɪntɹiˈg,イントゥリーグ,イントリグ,FAIL
syllabify,syllabify,シラビファイ,スイルラビフイ,FAIL
depends,dɪpɛˈndz,ディペンズ,ディッペンズ,FAIL
mydb,mydb,マイデブ,ムイドブ,FAIL
charities,ʧɛˈɹʌtiz,チャリティーズ,チェラッティズ,FAIL
clarifies,klɛˈɹʌfajˌz,クラリファイズ,クレラファイズ,FAIL
keener,kiˈnɚ,キーナー,キナー,FAIL
cremator,cremator,クリメイター,レマット,FAIL
recreating,ɹɛˈkɹiejˌtɪŋ,リクリエイティング,レックリエイティング,FAIL
aria,ɑˈɹiʌ,エリア,アリア,FAIL
telomere,tɛˈlʌmiɹ,テロミア,テラミー,FAIL
trounced,tɹawˈnst,トゥラウンスト,トラーンスト,FAIL
boughs,bawˈz,バウズ,バーズ,FAIL
potemkin,pʌtɛˈmkɪn,ポチョムキン,パッテムキン,FAIL
navigation,næˈvʌgejˈʃʌn,ナヴィゲイション,ナヴァゲイシャン,FAIL
swinge,swinge,スインジ,スウィンゲ,FAIL
polish,pɑˈlɪʃ,ポリッシュ,ポリッシュ,PASS
stairing,stairing,ステアリング,スタイリング,FAIL
interpret,ɪntɚˈpɹʌt,インタプリット,インタープラット,FAIL
oasys,oasys,オアシス,oアスイス,FAIL
gagarin,gʌgæˈɹʌn,ガガーリン,ガギャラン,FAIL
catalytic,kæˌtʌlɪˈtɪk,キャタリティック,キャッタリッティック,FAIL
jumbo,ʤʌˈmbow,ジャンボ,ジャンボー,FAIL
roth,ɹɔˈθ,ロス,ロス,PASS
jejune,jejune,ジジューン,イエイウネ,FAIL
labo,lɑˈbow,ラボ,ロボー,FAIL
purest,pjʊˈɹʌst,ピュアレスト,ピュラスト,FAIL
blacken,blæˈkʌn,ブラックン,ブラッカン,FAIL
orlando,ɔɹlæˈndow,オーランドウ,オルランドー,FAIL
artist's,ɑˈɹtʌst'ɛˈs,アーティストゥズ,アルタストエス,FAIL
bayou,bajˈu,バイウー,バイウ,FAIL
butt,bʌˈt,バット,バット,PASS
tbaby,tbaby,ティーベイビー,トバブイ,FAIL
colonizing,colonizing,コロナイジング,oロニジング,FAIL
caterpillar,kæˈtʌpɪˌlɚ,キャタピラー,キャッタッピラー,FAIL
revisionist,ɹivɪˈʒʌnɪst,リビジョニスト,リヴィジャニスト,FAIL
divisible,dɪvɪˈzʌbʌl,ディビジブル,ディヴィザバル,FAIL
albert,æˈlbɚt,アルバート,アルバート,PASS
petulancy,petulancy,ペチュランシー,ペットゥランイ,FAIL
rose,ɹowˈz,ロウズ,ローズ,FAIL
fossilize,fɑˈsʌlajˌz,フォシライヅ,フォサライズ,FAIL
intervention,ɪˌntɚvɛˈnʧʌn,インタベンション,インターヴェンチャン,FAIL
oppenheimer,ɑˈpʌnhajˌmɚ,オッペンハイマー,アッパンハイマー,FAIL
carbon,kɑˈɹbʌn,カーボン,コーバン,FAIL
balmy,bɑˈmi,バーミー,バミー,FAIL
degraced,degraced,ディグレイスト,デグラエッド,FAIL
procession,pɹʌsɛˈʃʌn,プロセッション,プラセッシャン,FAIL
bass,bæˈs,バス,バス,PASS
marseille,mɑɹsajˈl,マーセイ,マーサイル,FAIL
toot,tuˈt,トゥート,トゥット,FAIL
posh,pɑˈʃ,ポッシュ,ポッシュ,PASS
varies,vɛˈɹiz,ベアリーズ,ヴェリズ,FAIL
mender,mender,メンダー,メンデ,FAIL
ifstream,ifstream,アイエフストゥリーム,イフストレアム,FAIL
organism,ɔˈɹgʌnɪˌzʌm,オーガニズム,オルガニザム,FAIL
tetralogy,tetralogy,テトゥラロジー,テットラログイ,FAIL
pulpy,pulpy,パルピイ,プルプイ,FAIL
dali,dɑˈli,ダリ,ダリー,FAIL
anatomist,ʌnæˈtʌmʌst,アナトミスト,アナッタマスト,FAIL
mentoring,mɛˈntɚɪŋ,メントーリング,メンターイング,FAIL
psoriatic,psoriatic,ソリアティック,プソリアッティ,FAIL
broad,bɹɔˈd,ブロウド,ブロッド,FAIL
escondido,ɛˌskɑndiˈdow,エスコンディードウ,エスコンディッドー,FAIL
implosive,implosive,インプロウシブ,インプロシヴェ,FAIL
candlestick,kæˈndʌlstɪˌk,キャンドゥルスティック,キャンダルスティック,FAIL
friendship,fɹɛˈndʃɪp,フレンドゥシップ,フレンドシップ,FAIL
secularise,secularise,セキュラライズ,セウラリセ,FAIL
oura,oura,オウラ,oウラ,FAIL
senses,sɛˈnsɪz,センシズ,センシズ,PASS
personalizes,pɚˈsʌnʌlajˌzɪz,パーソナライジズ,パーサナライジズ,FAIL
accenting,æˈksɛntɪŋ,アクセンティング,アックセンティング,FAIL
decked,dɛˈkt,デックト,デックト,PASS
discord,dɪˈskɔɹd,ディスコード,ディスコード,PASS
pact,pæˈkt,パクト,パックト,FAIL
absentated,absentated,アブセンテイティド,アブセンタッテッド,FAIL
corpuscular,corpuscular,コーパスキュラー,oプスウラ,FAIL
gynecology,gajˌnʌkɑˈlʌʤi,ジニコロジー,ガイナッコラッジー,FAIL
cortege,kɔɹtɛˈʒ,コーテイジ,コーテジュ,FAIL
imbibe,ɪmbajˈb,インバイブ,インバイブ,PASS
kay,kejˈ,ケイ,ケイ,PASS
proctological,proctological,プロクトロジカル,プロトロギアル,FAIL
septuplets,septuplets,セプチュプレッツ,セップトゥップレツ,FAIL
encircled,ɪnsɚˈkʌld,エンサークルド,インサーカルド,FAIL
excludes,ɪkskluˈdz,エクスクルーズ,イックスクルズ,FAIL
stubbly,stubbly,スタブリイ,ストゥブブルイ,FAIL
triphosphate,triphosphate,トゥリフォスフェイト,トリップホスプハッテ,FAIL
spatted,spatted,スパッティド,スパットテッド,FAIL
saturate,sæˈʧɚejˌt,サチュレイト,サッチャーエイト,FAIL
cheat,ʧiˈt,チート,チット,FAIL
rumpled,ɹʌˈmpʌld,ランプルド,ランパルド,FAIL
behari,behari,ビハリ,ベハリー,FAIL
haystack,hejˈstæˌk,ヘイスタック,ヘイスタック,PASS
congestive,kʌnʤɛˈstɪv,コンジェスティブ,コンジェスティブ,PASS
thigh,θajˈ,サイ,サイ,PASS
insb,insb,インスビー,インスブ,FAIL
intensification,ɪntɛˌnsʌfʌkejˈʃʌn,インテンシフィケイション,インテンサファッケイシャン,FAIL
coniferous,kʌnɪˈfɚʌs,コニフェラス,コニファーアス,FAIL
fluent,fluˈʌnt,フルーエント,フルアント,FAIL
dozed,dowˈzd,ドウズド,ドーズド,FAIL
penang,pɛˈnæŋ,ペナン,ペナング,FAIL
denies,dɪnajˈz,ディナイズ,ディナイズ,PASS
whitish,wajˈtɪʃ,ホワイティッシュ,ワイティッシュ,FAIL
behcet,behcet,バーシェト,ベフエット,FAIL
amnio,æˈmniow,アムニオウ,アムニオー,FAIL
soften,sɑˈfʌn,ソフン,ソファン,FAIL
beechen,beechen,ビーチン,ベエヘン,FAIL
dispute,dɪspjuˈt,ディスピュート,ディスピュット,FAIL
abacus,æˈbʌkʌs,アバカス,アバッカス,FAIL
ornis,ornis,オーニス,oニス,FAIL
capkey,capkey,キャップキー,アップケイ,FAIL
littered,lɪˈtɚd,リタード,リッタード,FAIL
soruces,soruces,ソウラシーズ,ソルエス,FAIL
mutt,mʌˈt,マット,マット,PASS
gravis,gravis,グラビス,グラヴィス,FAIL
sacristy,sacristy,サクリスティー,サリストイ,FAIL
gabby,gæˈbi,ギャビイ,ギャビー,FAIL
yegor,jejˈgɚ,エゴル,イエイガー,FAIL
amedia,amedia,アメディア,アメッディア,FAIL
amputee,æˈmpjʌtiˈ,アンピュティイ,アンピャッティー,FAIL
oxytocin,ɑˌksʌtowˈsʌn,オキシトシン,アックサットーサン,FAIL
eric,ɛˈɹɪk,エリック,エリック,PASS
reprinted,ɹipɹɪˈntɪd,リプリンティド,リップリンティッド,FAIL
enemy,ɛˈnʌmi,エネミー,エナミー,FAIL
spirted,spirted,スパーティド,スピテッド,FAIL
chile,ʧɪˈli,チリ,チリー,FAIL
motivate,mowˈtʌvejˌt,モティベイト,モータヴェイト,FAIL
carey,kɛˈɹi,ケアリイ,ケリー,FAIL
energetic,ɛˌnɚʤɛˈtɪk,エナジェティク,エナージェッティック,FAIL
colored,kʌˈlɚd,カラード,カラード,PASS
rationalization,ɹæˌʃʌnʌlɪzejˈʃʌn,ラショナリゼイション,ラッシャナリゼイシャン,FAIL
isle,ajˈl,アイル,アイル,PASS
rpoint,rpoint,アールポイント,ポイント,FAIL
discern,dɪsɚˈn,ディサーン,ディサーン,PASS
dossier,dɔˌsjejˈ,ドシエイ,ドシェイ,FAIL
zippel,zippel,ジッペル,ジップペル,FAIL
conductance,conductance,コンダクタンス,oンドゥタンエ,FAIL
marshes,mɑˈɹʃʌz,マーシズ,マーシャズ,FAIL
expressing,ɪkspɹɛˈsɪŋ,エクスプレッシング,イックスプレシング,FAIL
waffle,wɑˈfʌl,ワッフル,ワファル,FAIL
sordino,sordino,ソルディーノ,ソディノ,FAIL
kafkaesque,kɑˈfkʌɛˈsk,カフカエスク,カフカエスク,PASS
minolta,mɪnɑˈltʌˌ,ミノルタ,ミノルタ,PASS
pioneer,pajˌʌnɪˈɹ,パイオニアー,パイアニー,FAIL
tobias,tʌbajˈʌs,トバイアス,タバイアス,FAIL
piedmont,piˈdmɑˌnt,ピードゥモント,ピッドモント,FAIL
daintiness,daintiness,デインティネス,ダインティネスス,FAIL
syllogise,syllogise,シロガイズ,スイルロギセ,FAIL
sultan,sʌˈltʌn,サルタン,サルタン,PASS
agadir,agadir,アガディール,アガッディ,FAIL
fabricates,fæˈbɹɪkejˌts,ファブリケイツ,ファブリッケイツ,FAIL
tempestuous,tɛˌmpɛˈsʧuʌs,テンペスチュアス,テンペスチュアス,PASS
dogg,dogg,ドッグ,ドググ,FAIL
singapore,sɪˈŋʌpɔˌɹ,シンガポア,シンガッポー,FAIL
siesta,siesta,シエスタ,シエスタ,PASS
bracketing,bracketing,ブラケティング,ブラケッティング,FAIL
filch,fɪˈlʧ,フィルチ,フィルチ,PASS
descried,descried,ディスクライド,デスリエッド,FAIL
rodgers,ɹɑˈʤɚz,ロッジャース,ロッジャーズ,FAIL
ottumwa,ottumwa,オッタムワ,oットトゥムワ,FAIL
dress,dɹɛˈs,ドゥレス,ドレス,FAIL
commentate,commentate,コメンテイト,oムメンタッテ,FAIL
hastier,hastier,ヘイスティアー,ハスティエ,FAIL
puce,puce,ピュース,プエ,FAIL
disciple,dɪsajˈpʌl,ディサイプル,ディサイパル,FAIL
ahem,ahem,アヘム,アヘム,PASS
baffle,bæˈfʌl,バッフル,バファル,FAIL
rampancy,rampancy,ランパンシー,ランパンイ,FAIL
anthropologist's,æˌnθɹʌpɑˈlʌʤʌst'ɛˈs,アンソロポロジストゥズ,アンスラッポラッジャストエス,FAIL
metres,miˈtɚz,ミーターズ,ミッターズ,FAIL
immanency,immanency,イマナンシイ,イムマネンイ,FAIL
biopsies,bajˈɑpsiz,バイオプシイズ,バイアップシズ,FAIL
issued,ɪˈʃud,イシュード,イッシュッド,FAIL
gorki,gɔˈɹki,ゴーリキイ,ゴーキー,FAIL
egotistic,egotistic,エゴティスティック,エゴッティスティ,FAIL
garage,gɚɑˈʒ,ガラージ,ガーアジュ,FAIL
slighted,slajˈtɪd,スライティド,スライティッド,FAIL
permeated,pɚˈmiejˌtɪd,パーミエイティド,パーミエイティッド,FAIL
prefectural,pɹifɛˈkʧɚʌl,プリフェクチュラル,プリフェックチャーアル,FAIL
thesaurus,θʌsɔˈɹʌs,シソーラス,サソラス,FAIL
logitec,logitec,ロジテック,ロギッテ,FAIL
voracity,vɚæˈsʌti,ボラシティー,ヴァーアサッティー,FAIL
converses,kɑˈnvɚsʌz,コンバーシズ,コンヴァーサズ,FAIL
demographic,dɛˌmʌgɹæˈfɪk,デモグラフィック,デマグラフィック,FAIL
porching,porching,ポーチング,ポヒング,FAIL
convergence,kʌnvɚˈʤʌns,コンヴァージェンス,コンヴァージャンス,FAIL
privileged,pɹɪˈvlʌʤd,プリビレッジド,プリブラッジド,FAIL
wood,wʊˈd,ウッド,ウッド,PASS
teared,teared,ティアード,テアレッド,FAIL
apprize,apprize,アプライズ,アッププリゼ,FAIL
cfile,cfile,シイファイル,フィレ,FAIL
tiptoe,tɪˈptowˌ,ティップトウ,ティップトー,FAIL
position,pʌzɪˈʃʌn,ポジション,パジッシャン,FAIL
ternary,ternary,ターナリー,テナイ,FAIL
vaudois,vaudois,ボードワー,ヴァウッドイス,FAIL
maggot,mæˈgʌt,マゴット,マガット,FAIL
teaser,tiˈzɚ,ティーザー,ティザー,FAIL
eluded,ɪluˈdɪd,イリューディド,イルッディッド,FAIL
placemat,plejˈsmæˌt,プレイスマット,プレイスマット,PASS
nuts,nʌˈts,ナッツ,ナツ,FAIL
blazon,blazon,ブレイゾン,ブラゾン,FAIL
factious,factious,ファクシャス,ファティoウス,FAIL
protestor,protestor,プロテスター,プロッテスト,FAIL
discipline,dɪˈsʌplʌn,ディシプリン,ディサップラン,FAIL
shiah,ʃiˈʌ,シーア,シア,FAIL
alveola,alveola,アルヴィーアラ,アルヴェoラ,FAIL
curing,kjʊˈɹɪŋ,キュアリング,キュリング,FAIL
crinkled,crinkled,クリンクルド,リンクレッド,FAIL
fixer,fɪˈksɚ,フィクサー,フィックサー,FAIL
phiz,phiz,フィズ,プヒズ,FAIL
fisubr,fisubr,エフアイサブアール,フィスブ,FAIL
humored,hjuˈmɚd,ヒューモアド,ヒュマード,FAIL
redressed,redressed,リドゥレスト,レッドレスセッド,FAIL
stout,stawˈt,スタウト,スタート,FAIL
steven,stiˈvʌn,スティーブン,スティヴァン,FAIL
branded,bɹæˈndɪd,ブランディド,ブランディッド,FAIL
grumpiest,grumpiest,グランピエスト,グルンピエスト,FAIL
lafaye,lafaye,ラファイ,ラファイェ,FAIL
harvester,hɑˈɹvʌstɚ,ハーベスター,ハーヴァスター,FAIL
hooer,hooer,フーアー,ホoエ,FAIL
fnop,fnop,エフノップ,フノップ,FAIL
albino,ælbajˈnowˌ,アルバイノウ,アルバイノー,FAIL
touchy,tʌˈʧi,タッチー,タッチー,PASS
bified,bified,バイファイド,ビフィエッド,FAIL
brussel,bɹʌˈsʌl,ブラスル,ブラサル,FAIL
caging,caging,ケイジング,アギング,FAIL
steamer,stiˈmɚ,スティーマー,スティマー,FAIL
ticking,tɪˈkɪŋ,ティッキング,ティッキング,PASS
iconoclastic,ajˌkʌnʌklæˈstɪk,アイコノクラスティック,アイカナックラスティック,FAIL
alexandria,æˌlʌgzæˈndɹiʌ,アレクサンドゥリア,アラグザンドリア,FAIL
lob,lɑˈb,ロブ,ロブ,PASS
specialist,spɛˈʃʌlʌst,スペシャリスト,スペッシャラスト,FAIL
perimmysium,perimmysium,ペリミシウム,ペリムムイシウム,FAIL
recur,ɹɪkɚˈ,リカー,リッカー,FAIL
reductive,reductive,リダクティブ,レッドゥティヴェ,FAIL
dissipation,dɪˌsɪpejˈʃʌn,ディシペイション,ディシッペイシャン,FAIL
gelatin,ʤɛˈlʌtʌn,ジェラティン,ジェラッタン,FAIL
semster,semster,セムスター,セムステ,FAIL
he,hiˈ,ヒー,ヒー,PASS
rem,ɹɛˈm,レム,レム,PASS
nutritional,nutɹɪˈʃʌnʌl,ニュートゥリショナル,ヌットリッシャナル,FAIL
fortuneteller,fortuneteller,フォーチュンテラー,フォトゥネッテルレ,FAIL
perambulator,perambulator,パランビュレイター,ペランブラット,FAIL
tadashi,tɑˌdɑˈʃi,タダシ,タッダッシー,FAIL
glamis,glamis,グラームス,グラミス,FAIL
dermatologist,dɚˌmʌtɑˈlʌʤɪst,ダーマトロジスト,ダーマットラッジスト,FAIL
stellar,stɛˈlɚ,ステラー,ステラー,PASS
transplantable,transplantable,トゥランスプランタブル,トランスプランタブレ,FAIL
bugaboo,bʌˈgʌbuˌ,バガブー,バガブ,FAIL
dinosaur,dajˈnʌsɔˌɹ,ダイノソア,ダイナソー,FAIL
weightiest,weightiest,ウェイティエスト,ウェイグフティエスト,FAIL
stratification,stratification,ストゥラティフィケイション,ストラッティフィアッティoン,FAIL
pleaded,pliˈdʌd,プリーディド,プリッダッド,FAIL
rivulet,rivulet,リビュレット,リヴレット,FAIL
hunston,hunston,ハンストン,フンストン,FAIL
facilitates,fʌsɪˈlʌtejˌts,ファシリテイツ,ファシラッテイツ,FAIL
favourable,favourable,フェイヴァラブル,ファヴォウラブレ,FAIL
provided,pɹʌvajˈdʌd,プロヴァイディド,プラヴァイダッド,FAIL
ignition,ɪgnɪˈʃʌn,イグニション,イグニッシャン,FAIL
titanosaur,titanosaur,ティタノソア,ティッタノサウ,FAIL
rollicking,ɹɑˈlɪkɪŋ,ロリッキング,ロリッキング,PASS
intonated,intonated,イントネイティド,イントナッテッド,FAIL
young,jʌˈŋ,ヤング,ヤング,PASS
induration,induration,インデュレイション,インドゥラッティoン,FAIL
otolith,otolith,オウタリス,oットリットフ,FAIL
furlong,fɚˈlɔˌŋ,ファーロング,ファーロング,PASS
nifp,nifp,ニフピー,ニフプ,FAIL
hatch,hæˈʧ,ハッチ,ハッチ,PASS
ator,ɑˈtɔɹ,エイター,アットー,FAIL
agonies,æˈgʌniz,アゴニーズ,アガニズ,FAIL
deliberative,dɪlɪˈbɚejˌtɪv,ディリバレイティヴ,ディリバーエイティブ,FAIL
bossiness,bossiness,ボシネス,ボスシネスス,FAIL
analyzer,æˈnʌlajˌzɚ,アナライザー,アナライザー,PASS
extrude,ɪkstɹuˈd,イクストゥルード,イックストルッド,FAIL
sanitarian,sanitarian,サニテイリアン,サニッタリアン,FAIL
reeky,reeky,リーキー,レエックイ,FAIL
mudslinging,mʌˈdslɪˌŋɪŋ,マッドゥスリンギング,マッドスリンギング,FAIL
projecting,pɹʌʤɛˈktɪŋ,プロジェクティング,プラッジェックティング,FAIL
title,tajˈtʌl,タイトゥル,タイタル,FAIL
cranial,kɹejˈnjʌl,クレイニアル,クレイニャル,FAIL
adriatic,ejˌdɹiæˈtɪk,エイドゥリアティック,エイドリアッティック,FAIL
digipeat,digipeat,ディジピート,ディギッペアット,FAIL
thymine,thymine,サイミーン,トフイミネ,FAIL
aboutdialog,aboutdialog,アバウトゥダイアログ,アボウットディアログ,FAIL
meserve,mɛˈsɚv,メサーブ,メサーブ,PASS
tokyo,towˈkiowˌ,トウキョウ,トーキオー,FAIL
traumatising,traumatising,トゥローマタイジング,トラウマッティシング,FAIL
correspondingly,kɔˌɹʌspɑˈndɪŋli,コレスポンディングリイ,コラスポンディングリー,FAIL
fib,fib,フィブ,フィブ,PASS
epicardium,epicardium,エピカーディアム,エッピアディウム,FAIL
doonesbury,duˈnzbɛˌɹi,ヅーンズベリー,ドゥンズベリー,FAIL
sagital,sagital,サジタル,サギッタル,FAIL
toll,towˈl,トール,トール,PASS
endues,endues,エンデューズ,エンドゥエス,FAIL
swept,swɛˈpt,スェプト,スウェップト,FAIL
reinfection,reinfection,リインフェクション,レインフェティoン,FAIL
tenderness,tɛˈndɚnʌs,テンダネス,テンダーナス,FAIL
conok,conok,コノク,oノック,FAIL
tepee,tepee,ティーピー,テッペエ,FAIL
betted,betted,ベッティド,ベットテッド,FAIL
ploy,plɔjˈ,プロイ,プロイ,PASS
hypodermic,hajˌpʌdɚˈmɪk,ハイポダーミク,ハイパッダーミック,FAIL
slow,slowˈ,スロウ,スロー,FAIL
customed,customed,カスタムド,ウストメッド,FAIL
pertain,pɚtejˈn,パーテイン,パーテイン,PASS
crash,kɹæˈʃ,クラッシュ,クラッシュ,PASS
consecution,consecution,コンシキューション,oンセウッティoン,FAIL
ululation,ululation,アリュレイション,ウルラッティoン,FAIL
clad,klæˈd,クラッド,クラッド,PASS
susceptible,sʌsɛˈptʌbʌl,サセプティブル,サセップタバル,FAIL
hem,hɛˈm,ヘム,ヘム,PASS
brentwood,bɹɛˈntwʊˌd,ブレントゥウッド,ブレントウッド,FAIL
corrupting,kɚʌˈptɪŋ,コラプティング,カーアップティング,FAIL
darth,dɑˈɹθ,ダース,ダース,PASS
dyes,dajˈz,ダイズ,ダイズ,PASS
membrane,mɛˈmbɹejˌn,メンブレイン,メンブレイン,PASS
pamphlet,pæˈmflʌt,パンフレット,パムフラット,FAIL
quittner,quittner,クイットナー,ウイットトネ,FAIL
blanche,blæˈnʧ,ブランチ,ブランチ,PASS
angola,æŋgowˈlʌ,アンゴラ,アングゴーラ,FAIL
mere,mɪˈɹ,ミアー,ミー,FAIL
pith,pɪˈθ,ピス,ピス,PASS
osteoblasts,osteoblasts,オステオブラスツ,oステoブラスツ,FAIL
implicates,ɪˈmplɪkejˌts,インプリケイツ,インプリッケイツ,FAIL
shopping,ʃɑˈpɪŋ,ショッピング,ショッピング,PASS
caldron,caldron,コールドゥロン,アルドロン,FAIL
moping,mowˈpɪŋ,モウピング,モーピング,FAIL
frustrates,fɹʌˈstɹejˌts,フラストゥレイツ,フラストレイツ,FAIL
memorabilias,memorabilias,メマラビリアズ,メモラビリアス,FAIL
tarriffville,tarriffville,ターリフヴァイル,タリフフヴィルレ,FAIL
windowsxp,windowsxp,ウィンドウズエックスピー,ウィンドースプ,FAIL
frisson,frisson,フリーソン,フリスソン,FAIL
cincinnatti,cincinnatti,シンシナティー,インインナットティー,FAIL
debris,dʌbɹiˈ,ディブリー,ダブリー,FAIL
staph,stæˈf,スタッフ,スタフ,FAIL
tap,tæˈp,タップ,タップ,PASS
disp,disp,ディスプ,ディスプ,PASS
proxy,pɹɑˈksi,プロクシー,プロックシー,FAIL
enogh,enogh,イナフ,エノグフ,FAIL
sherry,ʃɛˈɹi,シェリー,シェリー,PASS
learn,lɚˈn,ラーン,ラーン,PASS
tenant,tɛˈnʌnt,テナント,テナント,PASS
pharmacist,fɑˈɹmʌsɪst,ファーマシスト,ファーマシスト,PASS
jesperson,ʤɛˈspɚsʌn,ジェスパーソン,ジェスパーサン,FAIL
nightly,najˈtli,ナイトゥリイ,ナイトリー,FAIL
sadovskaya,sadovskaya,サドフスカヤ,サッドブスカヤ,FAIL
gorging,gorging,ゴージング,ゴギング,FAIL
dies,dajˈz,ダイズ,ダイズ,PASS
aromour,aromour,アーマー,アロモウ,FAIL
moister,moister,モイスター,モイステ,FAIL
cofferdam,cofferdam,コファーダム,oフフェダム,FAIL
browses,browses,ブラウジズ,ブローセス,FAIL
dracula,dɹæˈkjulʌ,ドゥラキュラ,ドラキュラ,FAIL
wodge,wodge,ウッジ,ウォッドゲ,FAIL
blithest,blithest,ブライゼスト,ブリットヘスト,FAIL
demanding,dɪmæˈndɪŋ,ディマンディング,ディマンディング,PASS
morose,mɚowˈs,モロウス,マーオース,FAIL
bonnichsen,bonnichsen,ボニクセン,ボンニフセン,FAIL
spudded,spudded,スパッディド,スプッドデッド,FAIL
shapen,shapen,シェイプン,スハッペン,FAIL
ovarian,owvɛˈɹiʌn,オバリアン,オーヴェリアン,FAIL
soarly,soarly,ソアリー,ソアルイ,FAIL
spined,spined,スパインド,スピネッド,FAIL
acetaminophen,ʌsiˌtʌmɪˈnʌfʌn,アセタミノーフェン,アシッタミナファン,FAIL
sanctifies,sanctifies,サンクティファイズ,サンティフィエス,FAIL
omfax,omfax,オーエムファックス,oムファ,FAIL
normotensive,normotensive,ノウモテンシブ,ノモッテンシヴェ,FAIL
compacting,compacting,コンパクティング,oンパティング,FAIL
pump,pʌˈmp,パンプ,パンプ,PASS
ancillary,æˈnsʌlɛˌɹi,アンシラリー,アンサレリー,FAIL
likud,lɪˈkʌd,リクード,リッカッド,FAIL
rabies,ɹejˈbiz,ラビーズ,レイビズ,FAIL
bangkok,bæŋkɑˈk,バンコック,バンコック,PASS
cauterized,kɔˈtɚajzd,コーテライズド,コッターアイズド,FAIL
owe,owˈ,オウ,オー,FAIL
ensconce,ɪnskɑˈns,エンスコンス,インスコンス,FAIL
expropriated,ɛkspɹowˈpɹiejˌtɪd,エクスプロプリエイティド,エックスプロープリエイティッド,FAIL
penetrating,pɛˈnʌtɹejˌtɪŋ,ペネトゥレイティング,ペナットレイティング,FAIL
transmittal,tɹænsmɪˈtʌl,トゥランスミタル,トランスミッタル,FAIL
striated,striated,ストゥライエイティド,ストリアッテッド,FAIL
caustic,kɑˈstɪk,コースティック,カスティック,FAIL
observable,ʌbzɚˈvʌbʌl,オブザーバブル,アブザーヴァバル,FAIL
tuft,tʌˈft,タフト,タフト,PASS
yarning,yarning,ヤーニング,ヤニング,FAIL
lurid,lʊˈɹʌd,ルアリド,ルラッド,FAIL
short,ʃɔˈɹt,ショート,ショート,PASS
carwash,carwash,カーウォッシュ,アワスフ,FAIL
pajamas,pʌʤɑˈmʌz,パジャマズ,パッジャマズ,FAIL
royalty,ɹɔjˈʌlti,ロイヤルティー,ロヤルティー,FAIL
acquit,ʌkwɪˈt,アクイット,アックウィット,FAIL
glistle,glistle,グリスル,グリストレ,FAIL
deponent,deponent,ディポーネント,デッポネント,FAIL
archery,ɑˈɹʧɚi,アーチェリー,アルチャーイ,FAIL
haemorheological,haemorheological,ヘモレィオゥロジカル,ハエモヘoロギアル,FAIL
declining,dɪklajˈnɪŋ,ディクライニング,ディックライニング,FAIL
wilting,wɪˈltɪŋ,ウィルティング,ウィルティング,PASS
tagged,tæˈgd,タグド,タグド,PASS
axiomatic,æˌksiʌmæˈtɪk,アクシオマティク,アックシアマッティック,FAIL
schmoozer,schmoozer,シュムーザー,スフモoゼ,FAIL
dexterous,dexterous,デクスタラス,デテロウス,FAIL
uro,uro,ユーロ,ウロ,FAIL
jew,ʤuˈ,ジュー,ジュ,FAIL
cotta,kɑˈtʌ,コッタ,コッタ,PASS
denudes,denudes,デヌーヅ,デヌッデス,FAIL
scimitar,scimitar,シミター,スイミッタ,FAIL
guitarist,gɪˌtɑˈɹɪst,ギターリスト,ギッタリスト,FAIL
silberman,sɪˈlbɚmʌn,シルバーマン,シルバーマン,PASS
twine,twajˈn,トゥワイン,トワイン,FAIL
miniature,mɪˈniʌʧʊˌɹ,ミニチュア,ミニアッチュー,FAIL
jumpsrchy,jumpsrchy,ジャンプサーチワイ,ユンプスフイ,FAIL
ulterior,ʌltɪˈɹiɚ,アルティーリア,アルティリアー,FAIL
kneel,niˈl,ニール,ニル,FAIL
punkish,punkish,パンキシュ,プンキスフ,FAIL
become,bɪkʌˈm,ビカム,ビッカム,FAIL
perched,pɚˈʧt,パーチト,パーチト,PASS
blousy,blousy,ブラウジイ,ブロウスイ,FAIL
squattiness,squattiness,スクワッティネス,スウアットティネスス,FAIL
lambast,lambast,ランベイスト,ランバスト,FAIL
decriminalize,dikɹɪˌmʌnʌlajˈz,ディクリミナライズ,ディックリマナライズ,FAIL
hunted,hʌˈntʌd,ハンティド,ハンタッド,FAIL
circularity,circularity,サーキュラリティー,イウラリットイ,FAIL
abiding,ʌbajˈdɪŋ,アバイディング,アバイディング,PASS
sanskrit,sæˈnskɹɪt,サンスクリット,サンスクリット,PASS
platitude,plæˈtɪtuˌd,プラティテュード,プラッティットゥッド,FAIL
rotunda,ɹowtʌˈndʌ,ロタンダ,ロータンダ,FAIL
reservate,reservate,リザヴェイト,レセヴァッテ,FAIL
home,howˈm,ホウム,ホーム,FAIL
viol,viol,ヴァイオル,ヴィoル,FAIL
reporter,ɹɪpɔˈɹtɚ,リポーター,リッポーター,FAIL
admit,ʌdmɪˈt,アドゥミット,アッドミット,FAIL
macbeth,mʌkbɛˈθ,マクベス,マックベス,FAIL
hone,howˈn,ホウン,ホーン,FAIL
blair,blɛˈɹ,ブレア,ブレー,FAIL
adventists,æˈdvɛˌntɪsts,アドゥベンティスツ,アッドヴェンティスツ,FAIL
perjury,pɚˈʤɚi,パージュリー,パージャーイ,FAIL
ornithine,ornithine,オルニチン,oニットヒネ,FAIL
rusticate,rusticate,ラスティケイト,ルスティアッテ,FAIL
ascension,ʌsɛˈnʃʌn,アセンション,アセンシャン,FAIL
spellacy,spɛˈlʌsi,スペラシイ,スペラシー,FAIL
insulating,ɪˈnsʌlejˌtɪŋ,インスレィティング,インサレイティング,FAIL
understand,ʌˌndɚstæˈnd,アンダスタンド,アンダースタンド,FAIL
fledgling,flɛˈʤlɪŋ,フレッジリング,フレッジリング,PASS
preternaturally,preternaturally,プリータナチュラリー,プレッテナットゥラルルイ,FAIL
rasher,rasher,ラッシャー,ラスヘ,FAIL
fraulein,fraulein,フローライン,フラウレイン,FAIL
leach,liˈʧ,リーチ,リッチ,FAIL
mistalken,mistalken,ミストークン,ミスタルケン,FAIL
pottery,pɑˈtɚi,ポタリー,ポッターイ,FAIL
pressure,pɹɛˈʃɚ,プレッシャー,プレッシャー,PASS
visited,vɪˈzʌtʌd,ヴィジティッド,ヴィザッタッド,FAIL
bplay,bplay,ビープレイ,ブプライ,FAIL
recondite,ɹɛˈkʌndajˌt,レコンダイト,レッカンダイト,FAIL
imminence,ɪˈmʌnʌns,イミネンス,イマナンス,FAIL
malleability,mæˌliʌbɪˈlʌti,マリアビリティー,マリアビラッティー,FAIL
nutrient,nuˈtɹiʌnt,ニュートゥリエント,ヌットリアント,FAIL
tempe,tɛˈmpi,ティーンプ,テンピー,FAIL
numbed,nʌˈmd,ナムド,ナムド,PASS
latino,lɑtiˈnow,ラティイノ,ロッティノー,FAIL
capacities,kʌpæˈsʌtiz,キャパシティーズ,カッパサッティズ,FAIL
enclosure,ɛnklowˈʒɚ,エンクロウジャー,エンクロージャー,FAIL
imaginatability,imaginatability,イマジネイタビリティー,イマギナッタビリットイ,FAIL
believability,bʌliˌvʌbɪˈlɪti,ビリーバビリティイ,バリヴァビリッティー,FAIL
dissolute,dissolute,ディソリュート,ディスソルッテ,FAIL
macroscope,macroscope,マクロスコウプ,マロスoッペ,FAIL
vertically,vɚˈtɪkli,ヴァーティカリー,ヴァーティックリー,FAIL
sobel,sowˈbʌl,ソベル,ソーバル,FAIL
palmer,pɑˈmɚ,パーマー,パマー,FAIL
reproached,reproached,リプロウチト,レップロアヘッド,FAIL
coveter,coveter,カビッター,oヴェッテ,FAIL
ostracizing,ostracizing,オストゥラサイジング,oストライジング,FAIL
uni,juˈni,ユニ,ユニー,FAIL
speechifies,speechifies,スピーチファイズ,スペエヒフィエス,FAIL
congenially,congenially,コンジニアリー,oンゲニアルルイ,FAIL
graze,gɹejˈz,グレイズ,グレイズ,PASS
leukemic,leukemic,リュキイミク,レウッケミ,FAIL
aldus,ɑˈldɪs,アルダス,アルディス,FAIL
mes,mes,メス,メス,PASS
grammy,gɹæˈmi,グラミー,グラミー,PASS
commingle,kʌmɪˈŋgʌl,コミングル,コミングガル,FAIL
emitted,ɪmɪˈtʌd,エミッティド,イミッタッド,FAIL
so,sowˈ,ソ,ソー,FAIL
inote,inote,アイノート,イノッテ,FAIL
criminalized,kɹɪˈmʌnʌlajˌzd,クリミナライズド,クリマナライズド,FAIL
reed,ɹiˈd,リード,リッド,FAIL
patron,pejˈtɹʌn,ペイトゥロン,ペイトラン,FAIL
tubercular,tubercular,トゥーバキュラー,トゥベウラ,FAIL
appliances,ʌplajˈʌnsʌz,アプライアンシス,アップライアンサズ,FAIL
grandparents,gɹæˈndpɛˌɹʌnts,グランドゥペアレンツ,グランドペランツ,FAIL
zaire,zajɪˈɹ,ザイアー,ザイイル,FAIL
economized,economized,エコノマイズド,エoノミゼッド,FAIL
discussion,dɪskʌˈʃʌn,ディスカッション,ディスカッシャン,FAIL
baptizes,baptizes,バプタイジーズ,バップティゼス,FAIL
amusia,amusia,エイミュージア,アムシア,FAIL
acidic,ʌsɪˈdɪk,アシディック,アシッディック,FAIL
adlib,adlib,アドゥリブ,アッドリブ,FAIL
bits,bɪˈts,ビッツ,ビツ,FAIL
realized,ɹiˈʌlajˌzd,リアライズド,リアライズド,PASS
junko,junko,ジュンコ,ユンコ,FAIL
gruel,gɹuˈɪl,グルーアル,グルイル,FAIL
telegu,telegu,テルグー,テレグ,FAIL
bolshevism,bowˈlʃʌvɪˌzʌm,ボルシェヴィズム,ボールシャヴィザム,FAIL
magnanimous,mægnæˈnʌmʌs,マグナニマス,マグナナマス,FAIL
chord's,kɔˈɹd'ɛˈs,コードゥズ,コードエス,FAIL
merlin,mɚˈlɪn,マーリン,マーリン,PASS
situated,sɪˈʧuejˌtɪd,シチュエイティド,シッチュエイティッド,FAIL
amputate,æˈmpjʌtejˌt,アンピューテイト,アンピャッテイト,FAIL
moodiness,moodiness,ムーディネス,モoッディネスス,FAIL
engineered,ɛˌnʤʌniˈɹd,エンジニアド,エンジャニード,FAIL
milli,mɪˈli,ミリ,ミリー,FAIL
bloviating,bloviating,ブロウビエイティング,ブロヴィアッティング,FAIL
hubble,hʌˈbʌl,ハブル,ハバル,FAIL
mansfield,mæˈnzfiˌld,マンスフィールド,マンズフィルド,FAIL
idealization,idealization,アイディアリゼイション,イッデアリザッティoン,FAIL
atheistical,atheistical,エイシイスティカル,アットヘイスティアル,FAIL
mumbled,mʌˈmbʌld,マンブルド,マンバルド,FAIL
demented,dɪmɛˈntɪd,ディメンティド,ディメンティッド,FAIL
silicate,sɪˈlʌkʌt,シリケット,シラッカット,FAIL
rectifies,ɹɛˈktʌfajˌz,レクティファイズ,レックタファイズ,FAIL
hedge,hɛˈʤ,ヘッジ,ヘッジ,PASS
bodybuilding,bodybuilding,ボディービルディング,ボッドイブイルディング,FAIL
intimidated,ɪntɪˈmɪdejˌtɪd,インティミデイティド,インティミッデイティッド,FAIL
bequeathed,bʌkwiˈθt,ビクイースト,バックウィスト,FAIL
abortional,abortional,アボーショナル,アボティoナル,FAIL
resuscitate,ɹɪsʌˈsɪtejˌt,リサシテイト,リサシッテイト,FAIL
cliplead,cliplead,クリップリード,リップレアッド,FAIL
cyanate,cyanate,サイアネイト,ヤナッテ,FAIL
monopolistically,monopolistically,モノポリスティカリー,モノッポリスティアルルイ,FAIL
hurries,hɚˈiz,ハリース,ハーイズ,FAIL
destroyer,dɪstɹɔjˈɚ,ディストゥロイアー,ディストロヤー,FAIL
zocor,zowˈkɚ,ゾコー,ゾーカー,FAIL
mobidem,mobidem,モビデム,モビッデム,FAIL
netscape,nɛˈtskejˌp,ネットゥスケイプ,ネツケイプ,FAIL
punishable,pʌˈnɪʃʌbʌl,パニッシャブル,パニッシャバル,FAIL
guilty,gɪˈlti,ギルティー,ギルティー,PASS
cpro,cpro,シープロ,プロ,FAIL
commensurate,kʌmɛˈnsɚʌt,コメンシュレイト,コメンサーアット,FAIL
bronzes,bɹɑˈnzʌz,ブロンジズ,ブロンザズ,FAIL
mated,mejˈtɪd,メイティド,メイティッド,FAIL
forbore,forbore,フォーボーア,フォボレ,FAIL
glitchy,glitchy,グリッチイ,グリットフイ,FAIL
glides,glajˈdz,グライズ,グライズ,PASS
betamax,bejˈtʌmæks,ベータマックス,ベイタマックス,FAIL
providential,pɹɑˌvʌdɛˈnʧʌl,プロヴィデンシャル,プロヴァッデンチャル,FAIL
empathic,empathic,エンパシク,エンパットヒ,FAIL
fishes,fɪˈʃʌz,フィッシズ,フィッシャズ,FAIL
adore,ʌdɔˈɹ,アドアー,アッドー,FAIL
rheumatology,ɹuˌmʌtɑˈlʌʤi,リューマトロジー,ルマットラッジー,FAIL
branegan,branegan,ブランガン,ブラネガン,FAIL
suny,suˈniˌ,スーニー,スニー,FAIL
nizoral,nizoral,ナイゾラル,ニゾラル,FAIL
elevating,ɛˈlʌvejˌtɪŋ,エレベイティング,エラヴェイティング,FAIL
bombing,bɑˈmɪŋ,ボウミング,ボミング,FAIL
cellulose,sɛˈljʌlowˌs,セリュロース,セルヤロース,FAIL
claiming,klejˈmɪŋ,クレイミング,クレイミング,PASS
lozenge,lɔˈzʌnʤ,ロザンジ,ロザンジ,PASS
strategist,stɹæˈtɪʤɪst,ストゥラテジスト,ストラッティッジスト,FAIL
plummeted,plʌˈmʌtɪd,プラマティド,プラマッティッド,FAIL
bilge,bilge,ビルジ,ビルゲ,FAIL
mifes,mifes,マイフェス,ミフェス,FAIL
preferable,pɹɛˈfɚʌbʌl,プレファラブル,プレファーアバル,FAIL
rating,ɹejˈtɪŋ,レイティング,レイティング,PASS
scoring,skɔˈɹɪŋ,スコアリング,スコリング,FAIL
virginal,vɚˈʤʌnʌl,ヴァージナル,ヴァージャナル,FAIL
tromping,tromping,トゥロンピング,トロンピング,FAIL
pettifogger,pettifogger,ペティフォガー,ペットティフォグゲ,FAIL
filibuster,fɪˈlʌbʌˌstɚ,フィリバスター,フィラバスター,FAIL
coherency,coherency,コヒアランシイ,oヘレンイ,FAIL
tare,tare,テア,タレ,FAIL
fungous,fungous,ファンガス,フンゴウス,FAIL
hiss,hɪˈs,ヒス,ヒス,PASS
channelled,channelled,チャネルド,ハンネルレッド,FAIL
critique,kɹʌtiˈk,クリティーク,クラッティック,FAIL
recidivism,ɹʌsɪˈdɪvɪˌzʌm,リシディビズム,ラシッディヴィザム,FAIL
anamorphic,anamorphic,アナモーフィック,アナモプヒ,FAIL
atrophic,atrophic,アトゥロフィック,アットロップヒ,FAIL
insociant,insociant,インソウシアント,インソイアント,FAIL
exce,exce,イクセ,エエ,FAIL
imaginatably,imaginatably,イマジネイタブリー,イマギナッタブルイ,FAIL
phen,fɛˈn,フィーン,フェン,FAIL
scooter,skuˈtɚ,スクーター,スクッター,FAIL
brindle,bɹɪˈndʌl,ブリンドゥル,ブリンダル,FAIL
bandolier,bæˌndʌlɪˈɹ,バンドリアー,バンダリー,FAIL
wreaking,ɹiˈkɪŋ,リーキング,リッキング,FAIL
aardvark,ɑˈɹdvɑˌɹk,アードバーク,アルドヴァーク,FAIL
spiritualising,spiritualising,スピリチュアライジング,スピリットゥアリシング,FAIL
harangued,hɚæˈŋd,ハラングド,ハーアングド,FAIL
professed,pɹʌfɛˈst,プロフェスト,プラフェスト,FAIL
resolve,ɹizɑˈlv,リゾルブ,リゾルブ,PASS
attendants,ʌtɛˈndʌnts,アテンダンツ,アッテンダンツ,FAIL
effuse,effuse,イフィゥズ,エフフセ,FAIL
forested,fɔˈɹʌstʌd,フォレスティド,フォラスタッド,FAIL
trauma,tɹɔˈmʌ,トゥローマ,トロマ,FAIL
defrauding,dɪfɹɔˈdɪŋ,ディフローディング,ディフロッディング,FAIL
perfect,pɚfɛˈkt,パーフェクト,パーフェックト,FAIL
sleights,sleights,スライツ,スレイグフツ,FAIL
fuel,fjuˈʌl,フィゥーエル,フユアル,FAIL
sheepish,ʃiˈpɪʃ,シーピッシュ,シッピッシュ,FAIL
forest,fɔˈɹʌst,フォーレスト,フォラスト,FAIL
blocked,blɑˈkt,ブロックド,ブロックト,FAIL
doomsday,duˈmzdejˌ,ドゥームズデイ,ドゥムズデイ,FAIL
defeated,dɪfiˈtʌd,ディフィーティド,ディフィッタッド,FAIL
conley,kɑˈnli,コンリイ,コンリー,FAIL
megaphones,mɛˈgʌfowˌnz,メガホンズ,メガフォーンズ,FAIL
glaxo,glæˈksow,グラクソ,グラックソー,FAIL
cobbler,kɑˈblɚ,コブラー,コブラー,PASS
amytal,amytal,アミタール,アムイタル,FAIL
entertainer,ɛˌntɚtejˈnɚ,エンタテイナー,エンターテイナー,FAIL
hallucis,hallucis,ハルーシス,ハルルイス,FAIL
destructive,dɪstɹʌˈktɪv,ディストゥラクティブ,ディストラックティブ,FAIL
gerry,ʤɛˈɹi,ゲリイ,ジェリー,FAIL
rustication,rustication,ラスティケイション,ルスティアッティoン,FAIL
accomplishes,ʌkɑˈmplɪʃɪz,アコンプリッシイズ,アッコンプリッシズ,FAIL
filth,fɪˈlθ,フィルス,フィルス,PASS
gastroenterologi,gastroenterologi,ガストゥロエンテロロジスツ,ガストロエンテロロギー,FAIL
paradisaical,paradisaical,パラディセイイカル,パラッディサイアル,FAIL
perry,pɛˈɹi,ペリー,ペリー,PASS
carring,carring,キャリング,アリング,FAIL
obligated,ɑˈblʌgejˌtɪd,オブリゲイティド,アブラゲイティッド,FAIL
easy,iˈzi,イージイ,イジー,FAIL
fairest,fɛˈɹɪst,フェアレスト,フェリスト,FAIL
chemically,kɛˈmʌkli,ケミカリー,ケマックリー,FAIL
pippi,pippi,ピッピ,ピップピー,FAIL
odisa,odisa,オディッサ,oッディサ,FAIL
gnus,gnus,グヌーズ,グヌス,FAIL
syndesmosis,syndesmosis,シンデズモウシス,スインデスモシス,FAIL
antarctica,æˌntɑˈɹktɪkʌ,アンタークティカ,アンタークティッカ,FAIL
nicer,najˈsɚ,ナイサー,ナイサー,PASS
plutarch,plutarch,プルターク,プルッタフ,FAIL
one,wʌˈn,ワン,ワン,PASS
lounges,lawˈnʤɪz,ラウンジズ,ラーンジズ,FAIL
mcevoy,mæˈkʌvɔjˌ,マケボイ,マッカヴォイ,FAIL
dips,dɪˈps,ディップス,ディップス,PASS
swearer,swearer,スェアラー,スウェアレ,FAIL
septupled,septupled,セプチュプルド,セップトゥップレッド,FAIL
scantling,scantling,スキャントゥリング,スアントリング,FAIL
ponfiticate,ponfiticate,ポンフィティケト,ポンフィッティアッテ,FAIL
institution,ɪˌnstɪtuˈʃʌn,インスティチューション,インスティットゥッシャン,FAIL
australasian,australasian,オーストゥラレイジャン,アウストララシアン,FAIL
saturates,saturates,サチュレイツ,サットゥラッテス,FAIL
arbitrate,ɑˈɹbʌtɹejˌt,アービトゥレイト,アルバットレイト,FAIL
proudy,proudy,プラウディー,プロウッドイ,FAIL
thermic,thermic,サーミック,トヘミ,FAIL
hinterland,hɪˈntɚlæˌnd,ヒンターランド,ヒンターランド,PASS
humanized,hjuˈmʌnajˌzd,ヒューマナイズド,ヒュマナイズド,FAIL
madder,mæˈdɚ,マダー,マッダー,FAIL
diffs,diffs,ディフズ,ディフフス,FAIL
following,fɑˈlowɪŋ,フォローイング,フォローイング,PASS
highbrows,hajˈbɹawˌz,ハイブラウス,ハイブラーズ,FAIL
threshold,θɹɛˈʃowˌld,スレショウルド,スレッショールド,FAIL
quadruplicating,quadruplicating,クワドゥループリケイティング,ウアッドルップリアッティング,FAIL
heft,hɛˈft,ヘフト,ヘフト,PASS
infantilizing,infantilizing,インファンティライジング,インファンティリジング,FAIL
corrigible,kɔˈɹʌʤʌbʌl,コリジブル,コラッジャバル,FAIL
attorney,ʌtɚˈni,アトーニー,アッターニー,FAIL
wadia,wadia,ワディア,ワッディア,FAIL
critics,kɹɪˈtɪks,クリティクス,クリッティックス,FAIL
internationalization,ɪˌntɚnæˌʃʌnʌlɪzejˈʃʌn,インターナショナリゼイション,インターナッシャナリゼイシャン,FAIL
fgalst,fgalst,エフギャルエスティー,フガルスト,FAIL
wounds,wuˈndz,ウーンズ,ウンズ,FAIL
lary,lɛˈɹi,ラリー,レリー,FAIL
motgage,motgage,モートゥゲイジ,モットガゲ,FAIL
inequities,ɪnɛˈkwʌtiz,イネクイティイズ,イネックワッティズ,FAIL
hemispheric,hɛˌmʌsfɪˈɹɪk,ヘミスフェリク,ヘマスフィリック,FAIL
disharmony,dɪshɑˈɹmʌni,ディスハーモニー,ディスホーマニー,FAIL
abroad,ʌbɹɔˈd,アブロウド,アブロッド,FAIL
advertize,advertize,アドゥヴァアタイズ,アッドヴェティゼ,FAIL
deviate,diˈviejˌt,ディヴィエイト,ディヴィエイト,PASS
compliant,kʌmplajˈʌnt,コンプライアント,コンプライアント,PASS
prisoner,pɹɪˈzʌnɚ,プリズナー,プリザナー,FAIL
extend,ɪkstɛˈnd,エクステンド,イックステンド,FAIL
procrastinative,procrastinative,プロクラスティネイティブ,プロラスティナッティヴェ,FAIL
oligarch,owˈlɪgɑˌɹk,オリガーク,オーリゴーク,FAIL
grantees,grantees,グランティース,グランテエス,FAIL
facilitated,fʌsɪˈlʌtejˌtɪd,ファシリテイティド,ファシラッテイティッド,FAIL
venturing,vɛˈnʧɚɪŋ,ベンチュアリング,ヴェンチャーイング,FAIL
infiltrated,ɪnfɪˈltɹejˌtɪd,インフィルトゥレイティド,インフィルトレイティッド,FAIL
lotta,lɑˈtʌ,ロッタ,ロッタ,PASS
bleaching,bliˈʧɪŋ,ブリーチング,ブリッチング,FAIL
belli,bɛˈli,ベライ,ベリー,FAIL
hyperemia,hyperemia,ハイパリーミア,フイペレミア,FAIL
alteplase,alteplase,アルテプレイス,アルテップラセ,FAIL
rodomontade,rodomontade,ロドモンテイド,ロッドモンタッデ,FAIL
fluvastatin,fluvastatin,フルバスタチン,フルヴァスタッティン,FAIL
signior,signior,シニョール,シグニo,FAIL
chronicler,kɹɑˈnɪklɚ,クロニクラー,クロニックラー,FAIL
division,dɪvɪˈʒʌn,ディビジョン,ディヴィジャン,FAIL
vexed,vɛˈkst,ベックスト,ヴェックスト,FAIL
impunity,ɪmpjuˈnɪti,インピュニティー,インピュニッティー,FAIL
contacting,kɑˈntæˌktɪŋ,コンタクティング,コンタックティング,FAIL
dazaifu,dazaifu,ダザイフ,ダザイフ,PASS
booming,buˈmɪŋ,ブーミング,ブミング,FAIL
veto,viˈtow,ビートウ,ヴィットー,FAIL
supplementing,sʌˈplʌmʌntɪŋ,サプリメンティング,サップラマンティング,FAIL
cane,kejˈn,ケイン,ケイン,PASS
gym,ʤɪˈm,ジム,ジム,PASS
seychelles,sejˈʃɛlz,セイシェルズ,セイシェルズ,PASS
fowards,fowards,フォワーズ,フォーアドス,FAIL
rendition,ɹɛndɪˈʃʌn,レンディション,レンディッシャン,FAIL
trappist,tɹæˈpɪst,トゥラピスト,トラッピスト,FAIL
pannikin,pannikin,パニキン,パンニッキン,FAIL
intimidation,ɪntɪˌmɪdejˈʃʌn,インティミデイション,インティミッデイシャン,FAIL
mandibular,mandibular,マンデビュラー,マンディブラ,FAIL
pudge,pudge,パッジ,プッドゲ,FAIL
furthering,fɚˈðɚɪŋ,ファーザーリング,ファーザーイング,FAIL
manicured,mæˈnɪkjɚd,マニキュアード,マニキャード,FAIL
loneliness,lowˈnlinʌs,ロウンリネス,ローンリナス,FAIL
intimidates,ɪntɪˈmɪdejˌts,インティミデイツ,インティミッデイツ,FAIL
o'clock,owˈ'klɑˈk,オクロック,オークロック,FAIL
healthwire,healthwire,ヘルスワイヤ,ヘアルトフウィレ,FAIL
peeking,piˈkɪŋ,ピーキング,ピッキング,FAIL
suspected,sʌspɛˈktʌd,サスペクティド,サスペックタッド,FAIL
flexible,flɛˈksʌbʌl,フレクシブル,フレックサバル,FAIL
wafting,wɑˈftɪŋ,ワフティング,ワフティング,PASS
abled,ejˈbʌld,エイブルド,エイバルド,FAIL
discarded,dɪskɑˈɹdɪd,ディスカーディド,ディスカーディッド,FAIL
trance,tɹæˈns,トゥランス,トランス,FAIL
laxative,læˈksʌtɪv,ラクサティブ,ラックサッティブ,FAIL
premise,pɹɛˈmɪs,プレミス,プレミス,PASS
burbled,bɚˈbʌld,バーブルド,バーバルド,FAIL
tendering,tɛˈndɚɪŋ,テンダリング,テンダーイング,FAIL
bukit,bukit,ブキト,ブッキット,FAIL
ugh,ʌˈg,ウー,アグ,FAIL
vdexup,vdexup,ブイデーイーエックスアップ,ブデウップ,FAIL
perrault,pɛˈɹɔlt,ペロー,ペロルト,FAIL
rat,ɹæˈt,ラット,ラット,PASS
vtachg,vtachg,ブイティーエイチェンジ,ブタフグ,FAIL
cide,cide,サイド,イッデ,FAIL
savageries,savageries,サヴィジリーズ,サヴァゲリエス,FAIL
pitiful,pɪˈtʌfʌl,ピティフル,ピッタファル,FAIL
simson,sɪˈmsʌn,シムソン,シムサン,FAIL
fir,fɚˈ,ファアー,ファー,FAIL
blantancy,blantancy,ブレイタンシイ,ブランタンイ,FAIL
soiled,sɔjˈld,ソイルド,ソイルド,PASS
deadened,deadened,デドゥンド,デアッデネッド,FAIL
progressed,pɹʌgɹɛˈst,プログレスト,プラグレスト,FAIL
forbidden,fɔˈɹbɪdʌn,フォビドゥン,フォービッダン,FAIL
assents,assents,アセンツ,アスセンツ,FAIL
pasadena,pæˌsʌdiˈnɚ,パサデナ,パサッディナー,FAIL
jiggle,ʤɪˈgʌl,ジグル,ジガル,FAIL
rilke,rilke,リルケ,リルケ,PASS
committeemen,committeemen,コミティーメン,oムミットテエメン,FAIL
comical,kɑˈmɪkʌl,コミカル,コミッカル,FAIL
aboveground,aboveground,アバヴグラウンド,アボヴェグロウンド,FAIL
anamnestic,anamnestic,アナムネスティク,アナムネスティ,FAIL
softened,sɔˈfʌnd,ソフンド,ソファンド,FAIL
roopy,roopy,ルーピイ,ロoップイ,FAIL
microbism,microbism,マイクロウビズム,ミロビスム,FAIL
crawfish,kɹɔˈfɪˌʃ,クローフィッシュ,クロフィッシュ,FAIL
vigilant,vɪˈʤʌlʌnt,ヴィジラント,ヴィッジャラント,FAIL
methodologies,mɛˌθowdɑˈlʌʤiz,メソドロジーズ,メソードラッジズ,FAIL
criticises,criticises,クリティサイジズ,リッティイセス,FAIL
bequeath,bɪkwiˈθ,ビクウィース,ビックウィス,FAIL
irredmediable,irredmediable,イレミーディアブル,イレッドメッディアブレ,FAIL
imperialist,ɪmpɪˈɹiʌlɪst,インペリアリスト,インピリアリスト,FAIL
annihilates,annihilates,アナイアレイツ,アンニヒラッテス,FAIL
raving,ɹejˈvɪŋ,レイヴィング,レイヴィング,PASS
tabor,tejˈbɚ,テイバー,テイバー,PASS
consummative,consummative,コンサメイティブ,oンスムマッティヴェ,FAIL
babbles,babbles,バブルズ,バブブレス,FAIL
cheekbone,ʧiˈkbowˌn,チークボーン,チックボーン,FAIL
phonal,phonal,フォーナル,プホナル,FAIL
sscience,sscience,エスサイエンス,ススイエンエ,FAIL
atheistically,atheistically,エイシイスティカリー,アットヘイスティアルルイ,FAIL
monde,mɑˈnd,モンド,モンド,PASS
batfile,batfile,バッチファイル,バットフィレ,FAIL
conciliator,kʌnsɪˈliejˌtɚ,コンシリエイター,コンシリエイター,PASS
slides,slajˈdz,スライズ,スライズ,PASS
dank,dæˈŋk,ダンク,ダンク,PASS
typeii,typeii,タイプトゥー,トイペイイ,FAIL
leisurely,liˈzɚli,リージャリイ,リザーリー,FAIL
doffs,dɔˈfs,ドフス,ドフス,PASS
gypsies,ʤɪˈpsiz,ジプシイズ,ジップシズ,FAIL
botie,botie,ボシー,ボッティエ,FAIL
jcsat,jcsat,ジェイシーサット,イサット,FAIL
temptating,temptating,テンプテイティング,テンプタッティング,FAIL
enoble,enoble,イノーブル,エノブレ,FAIL
byline,bajˈlajˌn,バイライン,バイライン,PASS
liquefied,lɪˈkwʌfajˌd,リクウィファイド,リックワファイド,FAIL
whenever,wɛnɛˈvɚ,ウェネヴァー,ウェネヴァー,PASS
hegemonist,hegemonist,ヘゲモニスト,ヘゲモニスト,PASS
experimented,ɪkspɛˈɹʌmʌntʌd,エクスペリメンティド,イックスペラマンタッド,FAIL
spluttered,spluttered,スプラタード,スプルットテレッド,FAIL
grievance,gɹiˈvʌns,グリーヴァンス,グリヴァンス,FAIL
kashmiri,kæʃmiˈɹi,カシュミリ,キャッシュミリー,FAIL
cataract,kæˈtɚækt,キャタラクト,キャッターアックト,FAIL
freezer,fɹiˈzɚ,フリーザー,フリザー,FAIL
apricot's,ejˈpɹʌkɑˌt'ɛˈs,アプリコットゥズ,エイプラッコットエス,FAIL
satisfies,sæˈtɪsfajˌz,サティスファイズ,サッティスファイズ,FAIL
graphs,gɹæˈfs,グラフス,グラフス,PASS
resistants,resistants,レジスタンツ,レシスタンツ,FAIL
aeroplane,aeroplane,エアロプレイン,アエロップラネ,FAIL
earth,ɚˈθ,アース,アース,PASS
bunkmates,bunkmates,バンクメイツ,ブンクマッテス,FAIL
opiating,opiating,オウピアティング,oッピアッティング,FAIL
climbing,klajˈmɪŋ,クライミング,クライミング,PASS
disheartening,dɪshɑˈɹtʌnɪŋ,ディスハートゥニング,ディスハータニング,FAIL
fan,fæˈn,ファン,ファン,PASS
forcible,fɔˈɹsʌbʌl,フォーシブル,フォーサバル,FAIL
graphical,gɹæˈfɪkʌl,グラフィカル,グラフィッカル,FAIL
aggrieved,ʌgɹiˈvd,アグリーヴド,アグリブド,FAIL
consul,kɑˈnsʌl,コンスル,コンサル,FAIL
orchestral,ɔɹkɛˈstɹʌl,オーケストゥラル,オルケストラル,FAIL
matchmaker,mæˈʧmejˌkɚ,マッチメイカー,マッチメイカー,PASS
pesticide,pɛˈstʌsajˌd,ペスティサイド,ペスタサイド,FAIL
suffragist,sʌˈfɹʌʤɪst,サフレイジスト,サフラッジスト,FAIL
numoff,numoff,ナムオフ,ヌモフフ,FAIL
garnering,gɑˈɹnɚɪŋ,ガーナーリング,ガーナーイング,FAIL
phenomenally,fʌnɑˈmʌnʌli,フェノメナリー,ファノマナリー,FAIL
abbess,abbess,アビス,アブベスス,FAIL
foreigner,fɔˈɹʌnɚ,フォーリナー,フォラナー,FAIL
cussword,cussword,カスワード,ウススウォド,FAIL
collaring,collaring,カラーリング,oルラリング,FAIL
blinkard,blinkard,ブリンカード,ブリンカド,FAIL
intonate,intonate,イントネイト,イントナッテ,FAIL
lose,luˈz,ルーズ,ルズ,FAIL
verbose,verbose,ヴァボウズ,ヴェボセ,FAIL
excel,ɪksɛˈl,エクセル,イックセル,FAIL
marijuana,mɛˌɹʌwɑˈnʌ,マリワナ,メラワナ,FAIL
rended,rended,レンディド,レンデッド,FAIL
extoling,extoling,イクストウリング,エトリング,FAIL
public,pʌˈblɪk,パブリック,パブリック,PASS
lackadaisical,læˌkʌdejˈzɪkʌl,ラカデイジカル,ラッカッデイジッカル,FAIL
parasitical,parasitical,パラシティカル,パラシッティアル,FAIL
litigated,lɪˈtɪgejˌtɪd,リティゲイティド,リッティゲイティッド,FAIL
ntod,ntod,エヌトゥーディー,ントッド,FAIL
congregation,kɑˌŋgɹʌgejˈʃʌn,コングリゲイション,コンググラゲイシャン,FAIL
ascetic,ʌsɛˈtɪk,アセティック,アセッティック,FAIL
obstetric,ʌbstɛˈtɹɪk,オブステトゥリク,アブステットリック,FAIL
deliberating,dɪlɪˈbɚejˌtɪŋ,ディリバレイティング,ディリバーエイティング,FAIL
wildest,wajˈldɪst,ワイルデスト,ワイルディスト,FAIL
elapsed,ɪlæˈpst,イラプスト,イラップスト,FAIL
redefinable,redefinable,リディファイナブル,レッデフィナブレ,FAIL
sultenfuss,sultenfuss,サルテンファス,スルテンフスス,FAIL
picker,pɪˈkɚ,ピッカー,ピッカー,PASS
amphetamines,æmfɛˈtʌmiˌnz,アンフェタミンズ,アムフェッタミンズ,FAIL
hunky,hʌˈŋki,ハンキイ,ハンキー,FAIL
expressive,ɪkspɹɛˈsɪv,エクスプレッシブ,イックスプレシブ,FAIL
deliverables,deliverables,デリヴァラブルズ,デリヴェラブレス,FAIL
piling,pajˈlɪŋ,パイリング,パイリング,PASS
babbling,bæˈbʌlɪŋ,バブリング,ババリング,FAIL
fidiv,fidiv,エフアイディブ,フィッディブ,FAIL
calamity,kʌlæˈmʌti,カラミティー,カラマッティー,FAIL
antonio,æntowˈniow,アントニオ,アントーニオー,FAIL
expected,ɪkspɛˈktʌd,エクスペクティド,イックスペックタッド,FAIL
genera,ʤɛˈnɚʌ,ジェネラ,ジェナーア,FAIL
warmth,wɔˈɹmθ,ウオームス,ウォームス,FAIL
stratum,stɹæˈtʌm,ストゥレイタム,ストラッタム,FAIL
musics,mjuˈzɪks,ミュウジックス,ミュジックス,FAIL
pried,pɹajˈd,プライド,プライド,PASS
hypebolic,hypebolic,ハイプボリック,フイペボリ,FAIL
avouching,avouching,アバウチング,アヴォウヒング,FAIL
phillies,fɪˈliz,フィリーズ,フィリズ,FAIL
misinterpreted,mɪsɪntɚˈpɹʌtɪd,ミスインタープリティド,ミシンタープラッティッド,FAIL
bombarding,bɑmbɑˈɹdɪŋ,ボンバーディング,ボンボーディング,FAIL
counting,kawˈntɪŋ,カウンティング,カーンティング,FAIL
jiang,ʤɑˈŋ,ジアーン,ジャング,FAIL
fishe,fishe,フィッシ,フィスヘ,FAIL
demurely,dɪmjʊˈɹli,ディミュァリイ,ディミューリー,FAIL
doraemon,doraemon,ドラエモン,ドラエモン,PASS
lieberman,liˈbɚmʌn,リーバーマン,リバーマン,FAIL
hankering,hæˈŋkɚɪŋ,ハンカリング,ハンカーイング,FAIL
abubakar,abubakar,アブバカル,アブバッカ,FAIL
derm,derm,ダーム,デム,FAIL
madi,madi,マデ,マッディー,FAIL
larry,lɛˈɹi,ラリー,レリー,FAIL
arrogation,arrogation,アロゲイション,アロガッティoン,FAIL
gabbling,gabbling,ガブリング,ガブブリング,FAIL
oozy,oozy,ウージイ,ooズイ,FAIL
misdemeanor,mɪˌsdʌmiˈnɚ,ミスディミーナー,ミスダミナー,FAIL
pence,pɛˈns,ペンス,ペンス,PASS
popular,pɑˈpjʌlɚ,ポピュラー,ポピャラー,FAIL
slipper,slɪˈpɚ,スリッパー,スリッパー,PASS
amigo,ʌmiˈgowˌ,アミーゴ,アミゴー,FAIL
recount,ɹɪkawˈnt,リカウント,リッカーント,FAIL
mend,mɛˈnd,メンド,メンド,PASS
slumbrous,slumbrous,スランブラス,スルンブロウス,FAIL
accumulator,ʌkjuˈmjʌlejˌtɚ,アキュムレイター,アキュミャレイター,FAIL
distant,dɪˈstʌnt,ディスタント,ディスタント,PASS
backmo,backmo,バックエムオー,バクモ,FAIL
rejected,ɹɪʤɛˈktɪd,リジェクティド,リッジェックティッド,FAIL
recurrent,ɹɪkɚˈʌnt,リカレント,リッカーアント,FAIL
proper,pɹɑˈpɚ,プロパー,プロッパー,FAIL
addressor,addressor,アドゥレッサー,アッドドレスソ,FAIL
fallacious,fʌlejˈʃʌs,フォレイシャス,ファレイシャス,FAIL
obsessed,ʌbsɛˈst,オブセスト,アブセスト,FAIL
alpha,æˈlfʌ,アルフ,アルファ,FAIL
contributes,kʌntɹɪˈbjuts,コントゥリビューツ,コントリビュツ,FAIL
duller,dʌˈlɚ,ダラー,ダラー,PASS
confusing,kʌnfjuˈzɪŋ,コンフィゥジング,コンフユジング,FAIL
noisier,nɔjˈziɚ,ノイジアー,ノイジアー,PASS
stamp,stæˈmp,スタンプ,スタンプ,PASS
reck,ɹɛˈk,レック,レック,PASS
mulan,mulan,ムーラーン,ムラン,FAIL
pouf,pouf,プーフ,ポウフ,FAIL
keratoplasty,keratoplasty,ケラトプラスティイ,ケラットップラストイ,FAIL
repolarisation,repolarisation,リポーラリゼイション,レッポラリサッティoン,FAIL
molecules,mɑˈlʌkjuˌlz,モレキュールズ,モラキュルズ,FAIL
welt,wɛˈlt,ウェルト,ウェルト,PASS
apprehending,æˌpɹɪhɛˈndɪŋ,アプリヘンディング,アップリヘンディング,FAIL
simoom,simoom,シムーム,シモoム,FAIL
oenophile,iˈnʌfajˌl,イーノファイル,イナファイル,FAIL
truce,tɹuˈs,トゥルース,トルス,FAIL
totalized,totalized,トータライズド,トッタリゼッド,FAIL
demystify,dimɪˈstʌfajˌ,ディミスティファイ,ディミスタファイ,FAIL
nadir,nejˈdɚ,ネイディア,ネイダー,FAIL
atal,atal,アタル,アッタル,FAIL
simplistic,sɪmplɪˈstɪk,シンプリスティク,シンプリスティック,FAIL
carpi,carpi,カーパイ,アピー,FAIL
expectancies,ɪkspɛˈktʌnsiz,エクスペクタンシイズ,イックスペックタンシズ,FAIL
squealed,squealed,スクィールド,スウエアレッド,FAIL
while,wajˈl,ホワイル,ワイル,FAIL
crump,kɹʌˈmp,クランプ,クランプ,PASS
nip,nɪˈp,ニップ,ニップ,PASS
float,flowˈt,フロート,フロート,PASS
fences,fɛˈnsʌz,フェンシズ,フェンサズ,FAIL
gluts,glʌˈts,グラッツ,グラツ,FAIL
litany,lɪˈtʌni,リタニイ,リッタニー,FAIL
releasing,ɹiliˈsɪŋ,リリーシング,リリシング,FAIL
transferable,tɹænsfɚˈʌbʌl,トゥランスファラブル,トランスファーアバル,FAIL
pedler,pedler,ペドゥラー,ペッドレ,FAIL
festivity,fɛstɪˈvʌti,フェスティビティー,フェスティヴァッティー,FAIL
soldiery,soldiery,ソルジャリー,ソルディエイ,FAIL
theater,θiˈʌtɚ,シアター,シアッター,FAIL
ileus,ileus,イリアス,イレウス,FAIL
existentialists,existentialists,イグジステンシャリスツ,エイステンティアリスツ,FAIL
taming,tejˈmɪŋ,テイミング,テイミング,PASS
creston,creston,クレストン,レストン,FAIL
chaplain,ʧæˈplʌn,チャプレン,チャップラン,FAIL
bard,bɑˈɹd,ボード,バード,FAIL
tower,tawˈɚ,タワー,ターアー,FAIL
sbet,sbet,エスベット,スベット,FAIL
schmidt,ʃmɪˈt,シュミット,シュミット,PASS
debunks,dɪbʌˈŋks,ディーバンクス,ディバンクス,FAIL
mobile,mowˈbʌl,モバイル,モーバル,FAIL
summon,sʌˈmʌn,サモン,サマン,FAIL
perjure,pɚˈʤɚ,パージュア,パージャー,FAIL
smirking,smɚˈkɪŋ,スマーキング,スマーキング,PASS
defies,dɪfajˈz,ディファイズ,ディファイズ,PASS
hickories,hɪˈkɚiz,ヒッコリイズ,ヒッカーイズ,FAIL
commercialise,commercialise,コマーシャライズ,oムメイアリセ,FAIL
congregationalist,congregationalist,コングリゲイショナリスト,oングレガッティoナリスト,FAIL
clarion,klɛˈɹiʌn,クラリオン,クレリアン,FAIL
precipitated,pɹɪsɪˈpɪtejˌtɪd,プレシピテイティド,プリシッピッテイティッド,FAIL
dynamo,dajˈnʌmowˌ,ダイナモ,ダイナモー,FAIL
